Płeć,Wiek,Wykształcenie,Średnie Zarobki,Czas Początkowy Podróży,Czas Końcowy Podróży,Cel Podróży
Mężczyzna,69.0,Średnie,6498.37,21:53,00:31,Inne
Kobieta,42.0,Średnie,12640.05,16:20,02:49,Praca
Mężczyzna,51.0,Średnie,14166.39,09:11,09:53,Zakupy
Kobieta,58.0,Podstawowe,13258.78,16:13,02:27,Praca
Mężczyzna,44.0,Średnie,9723.78,15:25,17:58,Rozrywka
Mężczyzna,70.0,Podstawowe,10098.2,15:13,17:40,Zakupy
Mężczyzna,43.0,Wyższe,3921.12,07:21,08:02,Praca
Mężczyzna,52.0,Wyższe,13293.29,23:57,05:15,Rozrywka
Kobieta,53.0,Wyższe,11532.87,05:18,12:51,Praca
Kobieta,21.0,Średnie,10132.12,13:19,13:31,Inne
Mężczyzna,42.0,Wyższe,4227.48,09:09,12:24,Inne
Mężczyzna,53.0,Wyższe,6010.92,06:53,16:34,Edukacja
Kobieta,18.0,Podstawowe,4105.94,07:00,10:20,Zakupy
Kobieta,35.0,Wyższe,14885.08,12:50,22:34,Inne
Kobieta,33.0,Średnie,7578.08,07:27,20:17,Rozrywka
Mężczyzna,59.0,Wyższe,9518.18,07:45,11:36,Inne
Kobieta,66.0,Wyższe,14623.47,07:01,13:59,Edukacja
Kobieta,33.0,Wyższe,4741.1,18:43,02:43,Rozrywka
Mężczyzna,45.0,Średnie,3163.79,07:18,09:38,Zakupy
Kobieta,49.0,Wyższe,7350.97,22:57,22:21,Praca
Mężczyzna,18.0,Średnie,10677.22,17:52,23:43,Inne
Kobieta,58.0,Wyższe,4615.56,10:29,16:10,Inne
Mężczyzna,18.0,Średnie,11438.42,23:04,06:47,Zakupy
Kobieta,43.0,Podstawowe,6248.45,14:40,19:10,Praca
Kobieta,54.0,Średnie,7652.59,18:26,02:32,Inne
Mężczyzna,32.0,Średnie,12395.9,22:21,23:39,Inne
Mężczyzna,36.0,Średnie,13051.51,19:46,06:03,Praca
Mężczyzna,69.0,Podstawowe,13530.43,07:43,16:14,Edukacja
Mężczyzna,50.0,Średnie,10837.04,22:29,08:13,Zakupy
Kobieta,21.0,Średnie,8023.41,12:39,14:13,Rozrywka
Mężczyzna,63.0,Średnie,6437.61,08:17,09:44,Inne
Kobieta,48.0,Podstawowe,4302.78,19:36,01:30,Rozrywka
Kobieta,31.0,Średnie,9937.05,05:14,10:20,Praca
Kobieta,56.0,Wyższe,11538.03,08:27,12:19,Inne
Kobieta,19.0,Średnie,6016.02,09:08,14:03,Rozrywka
Mężczyzna,68.0,Średnie,8956.96,06:07,08:13,Zakupy
Kobieta,41.0,Wyższe,6820.59,10:34,18:43,Rozrywka
Kobieta,69.0,Wyższe,14250.91,16:11,16:02,Zakupy
Kobieta,47.0,Podstawowe,9096.48,12:19,19:33,Zakupy
Kobieta,53.0,Wyższe,7422.58,07:37,13:45,Inne
Kobieta,37.0,Średnie,8941.4,19:06,23:29,Zakupy
Kobieta,63.0,Wyższe,14863.29,23:30,04:19,Praca
Mężczyzna,66.0,Podstawowe,10174.06,08:19,11:01,Praca
Mężczyzna,33.0,Średnie,4493.59,15:57,00:48,Zakupy
Mężczyzna,49.0,Podstawowe,10726.44,15:23,18:54,Edukacja
Mężczyzna,28.0,Średnie,3333.89,18:54,03:48,Inne
Kobieta,34.0,Średnie,13163.76,22:01,03:36,Praca
Kobieta,28.0,Wyższe,6787.36,23:55,00:13,Rozrywka
Kobieta,65.0,Średnie,13809.18,07:21,10:04,Rozrywka
Mężczyzna,50.0,Średnie,8913.03,05:33,12:52,Zakupy
Mężczyzna,57.0,Wyższe,4426.86,22:21,06:47,Inne
Kobieta,39.0,Średnie,5339.02,05:02,08:42,Edukacja
Mężczyzna,59.0,Średnie,3058.75,12:53,16:52,Zakupy
Kobieta,18.0,Podstawowe,10332.73,20:27,07:58,Praca
Kobieta,43.0,Wyższe,3211.44,16:18,02:32,Zakupy
Mężczyzna,50.0,Średnie,5988.72,06:25,16:47,Zakupy
Mężczyzna,58.0,Średnie,4129.77,06:06,14:32,
Kobieta,27.0,Wyższe,7771.78,12:19,23:42,Praca
Mężczyzna,23.0,Wyższe,11593.35,08:44,15:43,Zakupy
Mężczyzna,38.0,Podstawowe,11916.84,11:42,17:01,Edukacja
Kobieta,67.0,Podstawowe,10599.08,16:24,19:24,Edukacja
Mężczyzna,25.0,Średnie,9701.95,15:58,19:51,Zakupy
Kobieta,65.0,Wyższe,9835.04,12:08,12:39,Edukacja
Mężczyzna,28.0,Średnie,5667.44,06:42,06:37,Praca
Kobieta,39.0,Wyższe,11364.1,17:12,17:11,Inne
Kobieta,,Wyższe,7625.39,19:38,04:32,Rozrywka
Kobieta,68.0,Podstawowe,6186.93,05:05,15:08,Rozrywka
Mężczyzna,62.0,Podstawowe,9268.24,17:48,19:37,Praca
Kobieta,50.0,Wyższe,10038.74,22:01,07:50,Edukacja
Kobieta,69.0,Średnie,6841.14,13:06,19:09,Praca
Kobieta,54.0,Wyższe,5394.58,05:39,07:27,Rozrywka
Mężczyzna,24.0,Średnie,5968.39,05:15,07:52,Rozrywka
Mężczyzna,69.0,Wyższe,13944.16,09:36,18:10,Inne
Mężczyzna,46.0,Wyższe,6472.78,10:03,18:07,Praca
Kobieta,44.0,Podstawowe,11933.72,18:14,20:36,Inne
Kobieta,26.0,Wyższe,9364.81,21:04,00:20,Zakupy
Kobieta,47.0,Wyższe,14841.17,18:15,01:42,Rozrywka
Mężczyzna,67.0,Podstawowe,3442.42,22:46,23:17,Edukacja
,68.0,Podstawowe,14353.93,23:58,02:17,Inne
Mężczyzna,64.0,Wyższe,4265.14,09:39,20:07,Edukacja
Mężczyzna,47.0,Średnie,5315.72,09:41,18:50,
Mężczyzna,64.0,Wyższe,5771.86,15:20,19:46,Rozrywka
Kobieta,20.0,Wyższe,6501.39,14:19,16:18,Praca
Kobieta,35.0,,14536.05,19:02,05:43,Rozrywka
Mężczyzna,20.0,Podstawowe,10663.28,23:25,02:59,Praca
Kobieta,60.0,Podstawowe,6808.4,13:22,21:58,Zakupy
Mężczyzna,19.0,Wyższe,12039.5,12:51,16:30,Edukacja
Kobieta,33.0,Średnie,13880.91,06:51,11:33,Zakupy
Kobieta,21.0,Średnie,7133.18,10:55,18:16,Praca
Mężczyzna,68.0,Wyższe,10859.6,09:22,16:26,Rozrywka
Kobieta,19.0,Średnie,7828.49,08:45,17:30,Rozrywka
Mężczyzna,39.0,Wyższe,11029.83,22:44,08:38,Rozrywka
Mężczyzna,34.0,Podstawowe,11696.38,22:15,01:42,Zakupy
Kobieta,37.0,Średnie,13084.3,13:14,19:28,Praca
Mężczyzna,51.0,Średnie,3967.11,22:56,01:41,Inne
Kobieta,67.0,Wyższe,7651.09,15:01,20:48,Edukacja
Kobieta,45.0,Podstawowe,13650.48,06:24,06:19,Rozrywka
Kobieta,18.0,Średnie,6386.38,13:04,20:25,Praca
Kobieta,42.0,Podstawowe,13094.23,09:45,12:10,Rozrywka
Kobieta,63.0,Wyższe,14798.06,28:19,09:56,Rozrywka
Mężczyzna,63.0,Średnie,8008.13,22:02,03:06,Zakupy
Mężczyzna,30.0,Średnie,9222.38,12:04,12:15,Edukacja
Kobieta,64.0,Średnie,3238.61,22:35,05:11,Edukacja
Kobieta,38.0,Wyższe,4096.68,10:18,14:10,Inne
Kobieta,69.0,Średnie,9469.27,09:30,11:40,Rozrywka
Kobieta,46.0,Średnie,12245.59,14:41,18:50,Zakupy
Mężczyzna,34.0,Podstawowe,10604.03,10:40,10:31,Inne
Mężczyzna,39.0,Podstawowe,10085.12,05:08,15:40,Rozrywka
Kobieta,53.0,Wyższe,13995.77,19:54,22:37,Praca
Mężczyzna,58.0,Wyższe,4564.44,10:38,12:49,Edukacja
Kobieta,61.0,Średnie,6657.28,13:18,15:25,Inne
Mężczyzna,47.0,Podstawowe,7926.84,22:37,09:14,Rozrywka
Mężczyzna,57.0,Średnie,12250.11,14:23,14:00,Zakupy
Kobieta,45.0,Wyższe,8724.66,07:21,17:41,Edukacja
Mężczyzna,53.0,Wyższe,7255.3,19:10,03:01,Rozrywka
Kobieta,52.0,Średnie,4187.34,23:06,01:33,Edukacja
Kobieta,45.0,Podstawowe,9719.73,20:25,06:42,Edukacja
Kobieta,53.0,Wyższe,14512.72,09:35,12:01,Edukacja
,,,,,02:53,Zakupy
Mężczyzna,51.0,Podstawowe,4678.73,23:20,10:48,Praca
Kobieta,55.0,Podstawowe,12907.48,05:11,13:52,Edukacja
Kobieta,55.0,Wyższe,13070.48,09:06,15:08,Zakupy
,44.0,Średnie,13243.63,21:55,23:56,Edukacja
Mężczyzna,42.0,Wyższe,5866.52,22:03,06:01,Zakupy
Mężczyzna,22.0,Wyższe,4891.45,18:49,23:46,Zakupy
Kobieta,70.0,Wyższe,11629.85,20:08,04:59,Edukacja
Mężczyzna,52.0,Średnie,13057.85,19:19,00:25,Zakupy
Kobieta,20.0,Podstawowe,3918.28,23:37,03:24,Praca
Kobieta,60.0,Wyższe,8791.93,17:46,04:03,Edukacja
Kobieta,33.0,Średnie,4944.91,22:34,03:05,Zakupy
Kobieta,41.0,Podstawowe,8796.01,21:42,03:45,Zakupy
Kobieta,53.0,Średnie,3927.92,19:00,02:00,Rozrywka
Mężczyzna,48.0,Wyższe,11101.35,22:13,23:15,Inne
Mężczyzna,39.0,Średnie,12324.56,09:32,20:04,Praca
Mężczyzna,33.0,Średnie,13432.03,22:22,23:33,Praca
Kobieta,35.0,Podstawowe,10155.66,05:01,10:43,Praca
Kobieta,70.0,Wyższe,7449.64,18:03,18:22,Edukacja
,,Średnie,,,,Rozrywka
Kobieta,18.0,Średnie,7839.91,15:33,18:47,Inne
Mężczyzna,47.0,Wyższe,8642.49,19:36,00:17,Zakupy
Mężczyzna,57.0,Średnie,5610.5,17:30,03:55,Edukacja
Kobieta,37.0,Wyższe,6505.42,14:13,17:27,Edukacja
Kobieta,65.0,Podstawowe,3071.89,13:54,18:23,Edukacja
Kobieta,28.0,Średnie,14999.39,14:51,16:41,Zakupy
Kobieta,19.0,Wyższe,11384.93,14:17,20:34,Zakupy
Kobieta,41.0,Średnie,4568.91,15:29,17:11,Inne
Kobieta,37.0,Średnie,9924.28,22:53,02:17,Praca
Kobieta,36.0,Podstawowe,4868.16,13:03,22:27,Inne
Kobieta,68.0,Wyższe,12801.79,09:17,15:46,Praca
Kobieta,40.0,Podstawowe,6874.33,09:57,20:59,Rozrywka
Mężczyzna,37.0,Średnie,7353.6,10:34,18:31,Zakupy
Kobieta,56.0,Średnie,8242.4,23:21,09:06,Edukacja
Mężczyzna,54.0,Średnie,12859.4,20:51,20:20,Praca
Kobieta,57.0,Średnie,11269.34,18:37,01:15,Rozrywka
Kobieta,23.0,Podstawowe,13773.86,19:43,03:19,Edukacja
,51.0,,,,,Praca
Kobieta,41.0,Średnie,3959.47,21:34,08:40,Edukacja
Kobieta,47.0,Średnie,5170.89,16:36,17:56,Inne
Mężczyzna,40.0,Średnie,10217.22,05:09,14:13,Inne
Kobieta,66.0,Wyższe,4676.82,18:03,05:16,Edukacja
Mężczyzna,54.0,Wyższe,3960.81,13:47,21:34,Rozrywka
Kobieta,48.0,Wyższe,7618.13,14:21,16:56,Edukacja
Mężczyzna,45.0,Podstawowe,6778.1,23:02,03:18,Rozrywka
Mężczyzna,66.0,Średnie,8704.88,19:42,20:41,Zakupy
Kobieta,59.0,Średnie,9906.23,07:05,13:33,Praca
Kobieta,26.0,Średnie,8835.53,10:28,17:24,Inne
Kobieta,41.0,Średnie,3772.31,09:29,15:10,Inne
Kobieta,23.0,Podstawowe,10247.3,22:35,23:07,Rozrywka
Kobieta,68.0,Podstawowe,14557.88,23:38,01:23,Praca
Mężczyzna,66.0,Średnie,7325.79,19:50,00:08,Edukacja
Kobieta,25.0,Wyższe,3084.07,23:55,01:37,Inne
Kobieta,55.0,Podstawowe,3231.22,20:31,05:46,Zakupy
Kobieta,,Podstawowe,9195.26,17:50,22:18,Praca
Mężczyzna,32.0,Wyższe,12214.93,20:22,21:32,Inne
Mężczyzna,38.0,Wyższe,5826.16,23:19,09:36,Zakupy
Mężczyzna,25.0,Wyższe,13690.31,08:19,08:59,Zakupy
,48.0,,6713.76,,,
Mężczyzna,38.0,Średnie,7613.89,07:00,13:38,Edukacja
Mężczyzna,36.0,Podstawowe,6148.82,13:33,23:09,Zakupy
Mężczyzna,63.0,Średnie,9688.46,18:21,04:45,Inne
Mężczyzna,45.0,Średnie,6931.71,08:34,16:06,
Mężczyzna,66.0,Wyższe,6139.87,10:42,21:04,Edukacja
Kobieta,36.0,Wyższe,13261.67,20:04,04:04,Zakupy
Kobieta,62.0,Wyższe,4103.61,21:06,01:06,Rozrywka
Mężczyzna,55.0,Wyższe,9099.72,10:04,16:22,Rozrywka
Kobieta,44.0,Podstawowe,6446.71,18:39,,Edukacja
Mężczyzna,35.0,Podstawowe,8683.33,05:08,15:57,Praca
Mężczyzna,50.0,Podstawowe,9693.84,05:57,15:01,Praca
Kobieta,29.0,Podstawowe,7060.24,10:59,13:30,Rozrywka
Mężczyzna,53.0,Średnie,7126.02,07:07,09:46,Praca
Mężczyzna,33.0,Wyższe,12090.42,13:25,00:08,Edukacja
Kobieta,54.0,Średnie,3999.58,10:41,12:28,Rozrywka
Kobieta,39.0,Wyższe,11334.06,22:53,23:17,Rozrywka
Mężczyzna,40.0,Średnie,3566.55,13:32,00:26,Edukacja
Kobieta,69.0,Średnie,4401.73,17:20,22:55,Edukacja
Kobieta,28.0,Średnie,4367.86,16:11,21:57,Zakupy
Mężczyzna,50.0,Podstawowe,10234.58,05:33,14:47,Inne
Kobieta,25.0,Wyższe,11251.93,23:17,00:44,Zakupy
Mężczyzna,25.0,Średnie,11004.33,08:47,10:09,Zakupy
Mężczyzna,46.0,Średnie,12151.96,20:00,01:59,Praca
Kobieta,37.0,Podstawowe,9929.97,05:03,08:39,Praca
Kobieta,61.0,Podstawowe,12041.55,22:01,03:18,Rozrywka
Kobieta,65.0,Podstawowe,9109.91,15:03,17:45,Edukacja
Mężczyzna,63.0,Średnie,10192.24,21:17,05:06,Edukacja
Kobieta,29.0,Wyższe,7807.16,20:42,21:21,Inne
Kobieta,49.0,Podstawowe,9089.03,14:47,22:50,Zakupy
Kobieta,64.0,Średnie,11081.47,13:55,13:14,Zakupy
Mężczyzna,27.0,Podstawowe,11589.43,19:01,02:58,Inne
Mężczyzna,30.0,Wyższe,6155.43,23:49,02:10,Praca
Kobieta,38.0,Wyższe,9074.73,13:42,22:58,Inne
Mężczyzna,18.0,Wyższe,4330.69,23:58,01:51,Edukacja
Kobieta,56.0,Średnie,5612.43,22:32,02:57,Rozrywka
Kobieta,37.0,Podstawowe,6323.8,09:26,16:51,Rozrywka
Kobieta,65.0,Wyższe,11454.48,08:33,10:43,Edukacja
Kobieta,57.0,Średnie,11852.4,18:29,21:19,Inne
Mężczyzna,42.0,Podstawowe,13847.51,22:06,06:07,Praca
Mężczyzna,66.0,Podstawowe,4847.44,22:26,08:27,Praca
Mężczyzna,18.0,Średnie,8635.26,14:07,21:05,Edukacja
Mężczyzna,58.0,Wyższe,4321.67,20:04,06:26,Praca
Mężczyzna,65.0,Średnie,10852.14,17:46,00:56,Rozrywka
Kobieta,45.0,Wyższe,8832.41,06:17,07:31,Inne
Kobieta,40.0,Wyższe,11398.87,06:09,13:11,Rozrywka
Mężczyzna,52.0,Wyższe,5297.3,22:19,07:39,Rozrywka
Kobieta,,,,19:59,,
Mężczyzna,22.0,Podstawowe,3191.98,13:01,16:58,Inne
Mężczyzna,67.0,Wyższe,14524.72,17:27,02:53,Inne
Mężczyzna,46.0,Średnie,8772.2,10:21,14:52,Zakupy
Mężczyzna,23.0,Wyższe,10699.13,19:49,05:17,Praca
Mężczyzna,37.0,Średnie,14982.36,10:41,23:44,Inne
Kobieta,51.0,Podstawowe,4854.99,17:12,04:47,Rozrywka
Mężczyzna,40.0,Podstawowe,4661.61,07:48,15:38,Praca
Mężczyzna,37.0,Podstawowe,6672.39,05:26,08:48,Inne
Mężczyzna,,Wyższe,5475.39,06:58,16:16,Edukacja
Mężczyzna,57.0,Średnie,7479.17,07:35,10:37,Praca
Kobieta,20.0,Średnie,5466.24,18:24,02:44,Zakupy
Kobieta,44.0,Podstawowe,13438.61,15:39,16:18,Praca
Mężczyzna,27.0,Podstawowe,5709.44,13:54,22:31,Zakupy
Kobieta,51.0,Podstawowe,7277.16,08:25,17:13,Inne
Kobieta,44.0,Średnie,4754.01,09:46,18:59,Zakupy
Kobieta,43.0,Średnie,8298.46,14:12,20:15,Edukacja
Mężczyzna,65.0,Podstawowe,11574.54,22:50,02:44,Edukacja
Kobieta,24.0,Wyższe,14510.48,06:06,14:43,Praca
Kobieta,36.0,Podstawowe,11806.73,20:25,22:32,Edukacja
Kobieta,52.0,Wyższe,6547.34,10:17,10:08,Rozrywka
Kobieta,63.0,Wyższe,8632.01,15:48,22:37,Zakupy
Mężczyzna,61.0,Wyższe,4483.71,14:34,15:04,Praca
Kobieta,31.0,Wyższe,11975.8,21:44,07:13,Zakupy
Kobieta,62.0,Wyższe,14762.03,07:59,13:42,Inne
Mężczyzna,25.0,Średnie,8388.85,21:47,21:08,Inne
Mężczyzna,51.0,Średnie,7802.51,19:50,22:55,Zakupy
Mężczyzna,61.0,Średnie,4564.51,05:42,05:28,Praca
Kobieta,30.0,Wyższe,8354.55,06:59,16:06,Inne
Mężczyzna,64.0,Średnie,5916.44,14:12,01:06,Inne
Mężczyzna,48.0,Wyższe,11728.25,21:25,04:41,Rozrywka
Kobieta,58.0,Podstawowe,12928.42,12:27,14:26,Inne
Mężczyzna,61.0,,6085.86,08:43,14:06,Zakupy
Mężczyzna,29.0,Podstawowe,11274.4,14:39,15:22,Inne
Mężczyzna,60.0,Wyższe,8141.73,07:00,16:45,Edukacja
Kobieta,57.0,Wyższe,4890.12,23:48,07:44,Rozrywka
Kobieta,47.0,Podstawowe,14847.76,17:14,03:46,Edukacja
Kobieta,54.0,Średnie,5288.34,21:09,07:06,Praca
Mężczyzna,61.0,Wyższe,4039.64,18:30,00:06,Inne
Mężczyzna,66.0,Średnie,3399.54,05:39,06:40,Inne
Kobieta,33.0,Podstawowe,13640.56,19:00,03:37,Inne
Mężczyzna,28.0,Średnie,12472.84,16:02,19:51,Praca
Mężczyzna,28.0,Wyższe,7002.1,05:30,10:12,Edukacja
Kobieta,64.0,Podstawowe,6763.5,18:35,22:37,Inne
Mężczyzna,52.0,Średnie,5026.92,20:27,05:54,Edukacja
Mężczyzna,66.0,Podstawowe,10047.24,11:59,22:07,Praca
Mężczyzna,43.0,Średnie,8626.04,19:21,02:14,Inne
Mężczyzna,52.0,Wyższe,12457.15,14:41,23:25,Inne
Kobieta,68.0,Wyższe,13851.12,13:54,19:45,Praca
Kobieta,20.0,Wyższe,5451.84,14:15,20:01,Praca
Kobieta,41.0,Podstawowe,6431.94,12:30,23:03,Edukacja
Mężczyzna,36.0,Średnie,4338.15,15:43,01:39,Edukacja
Kobieta,32.0,Średnie,11023.91,21:16,05:02,Rozrywka
Mężczyzna,53.0,Wyższe,7615.4,12:17,20:17,Praca
Mężczyzna,66.0,Wyższe,7854.61,20:40,23:22,Rozrywka
Kobieta,60.0,Średnie,3136.14,09:52,14:12,Zakupy
Kobieta,42.0,Wyższe,10843.89,11:18,22:18,Inne
Mężczyzna,40.0,Średnie,12141.25,14:03,23:48,Rozrywka
Kobieta,42.0,Średnie,6648.73,22:19,03:04,Edukacja
Kobieta,63.0,Średnie,10760.76,23:49,04:54,Praca
Kobieta,33.0,Wyższe,13453.32,06:23,08:16,Praca
Mężczyzna,40.0,Wyższe,8111.97,06:25,11:33,Edukacja
Kobieta,51.0,Wyższe,12037.11,09:41,12:11,Edukacja
Kobieta,42.0,Wyższe,14603.75,14:34,23:01,Zakupy
Kobieta,61.0,Podstawowe,12636.07,21:49,06:08,Edukacja
Mężczyzna,28.0,Podstawowe,4265.11,17:13,19:29,Edukacja
Mężczyzna,44.0,Podstawowe,3345.23,19:20,06:25,Rozrywka
Mężczyzna,55.0,Średnie,7710.33,21:23,03:37,Praca
Kobieta,55.0,Podstawowe,12231.15,08:06,09:39,Zakupy
Kobieta,37.0,Podstawowe,13671.85,10:05,15:06,Zakupy
,70.0,Podstawowe,11160.86,,01:36,Inne
Kobieta,32.0,Podstawowe,4660.39,15:44,00:07,Inne
Kobieta,31.0,Podstawowe,14105.34,09:05,15:20,Rozrywka
Mężczyzna,38.0,Podstawowe,13444.66,07:47,10:44,Inne
Mężczyzna,29.0,Podstawowe,7710.86,13:20,00:36,Edukacja
Mężczyzna,25.0,Wyższe,,13:23,23:19,Praca
Mężczyzna,70.0,Wyższe,11693.25,20:50,00:28,Zakupy
Kobieta,51.0,Podstawowe,6739.82,22:21,06:10,Rozrywka
Mężczyzna,46.0,Wyższe,9880.31,10:48,14:59,Inne
Mężczyzna,57.0,Podstawowe,7457.37,16:38,,Edukacja
Kobieta,21.0,Wyższe,14873.58,12:17,16:35,Edukacja
Mężczyzna,36.0,Podstawowe,6712.07,13:10,14:15,Rozrywka
Mężczyzna,65.0,Podstawowe,7496.94,14:34,14:59,Zakupy
Kobieta,27.0,Średnie,4432.73,15:36,22:15,Rozrywka
Kobieta,52.0,Podstawowe,10225.17,13:22,18:39,Inne
Mężczyzna,69.0,Średnie,8009.11,07:39,17:49,Edukacja
Mężczyzna,47.0,Średnie,6302.51,17:53,01:33,Zakupy
Kobieta,42.0,Podstawowe,9811.19,13:31,21:57,Zakupy
,,,,13:01,,Inne
Mężczyzna,53.0,Podstawowe,10117.28,22:40,04:54,Rozrywka
Kobieta,26.0,Wyższe,12112.22,14:28,01:51,Praca
Mężczyzna,40.0,Średnie,8715.5,06:47,14:39,Inne
Mężczyzna,55.0,Podstawowe,4428.7,12:34,15:44,Inne
Kobieta,70.0,Wyższe,10668.52,07:00,08:05,Inne
Kobieta,,,,21:02,,
Mężczyzna,26.0,Średnie,10853.85,09:37,16:23,Inne
Mężczyzna,50.0,Podstawowe,10616.31,11:08,16:38,Rozrywka
Mężczyzna,43.0,Podstawowe,6187.11,22:41,00:12,Inne
Kobieta,25.0,Wyższe,7893.21,21:47,07:12,Inne
Kobieta,65.0,Podstawowe,7953.24,10:21,14:36,Inne
Kobieta,18.0,Średnie,5466.24,11:42,11:41,Inne
Kobieta,64.0,Podstawowe,,08:27,19:48,
Kobieta,19.0,Podstawowe,6528.65,10:24,14:27,Inne
Mężczyzna,43.0,Podstawowe,13503.4,19:40,01:57,Praca
Mężczyzna,32.0,Podstawowe,5708.75,11:59,17:33,Edukacja
Kobieta,51.0,Podstawowe,13115.83,20:05,00:27,Inne
Mężczyzna,31.0,Średnie,5535.2,19:48,01:37,Inne
Kobieta,62.0,Wyższe,8228.31,06:48,08:28,Praca
Kobieta,39.0,Wyższe,9175.45,10:38,21:30,Rozrywka
Mężczyzna,66.0,Podstawowe,6521.17,19:04,22:36,Zakupy
Mężczyzna,38.0,Średnie,10422.1,15:46,02:26,Inne
Mężczyzna,40.0,Średnie,4590.36,13:20,20:31,Inne
Kobieta,49.0,Średnie,6415.11,25:08,00:22,Edukacja
Mężczyzna,22.0,Podstawowe,12206.77,07:49,18:45,Inne
Mężczyzna,69.0,Średnie,6301.84,19:32,23:53,Rozrywka
Mężczyzna,22.0,Wyższe,4767.46,19:38,02:00,Edukacja
Kobieta,47.0,Podstawowe,9366.08,20:22,21:23,Rozrywka
Kobieta,35.0,Wyższe,8078.34,13:20,17:37,Zakupy
Mężczyzna,29.0,Wyższe,13675.12,14:20,22:30,Rozrywka
Mężczyzna,23.0,Wyższe,3415.46,18:06,03:00,Praca
Mężczyzna,21.0,Średnie,14331.36,08:43,08:52,Praca
Mężczyzna,55.0,Średnie,10818.04,06:02,16:27,Praca
Kobieta,20.0,Wyższe,14406.08,09:09,13:33,Edukacja
,42.0,Wyższe,8319.74,22:51,08:56,Edukacja
Mężczyzna,21.0,Średnie,13331.91,14:37,19:06,Edukacja
Mężczyzna,56.0,Wyższe,7871.11,16:08,19:04,Edukacja
Mężczyzna,41.0,Średnie,3084.05,05:40,12:27,Zakupy
Kobieta,48.0,Średnie,13069.17,13:41,13:49,Edukacja
Mężczyzna,27.0,Podstawowe,8734.03,08:05,11:27,Edukacja
Kobieta,38.0,Podstawowe,4903.99,09:39,12:03,Inne
Kobieta,33.0,Średnie,13871.91,14:10,21:56,Edukacja
Mężczyzna,34.0,Podstawowe,11396.78,10:58,10:11,Rozrywka
Mężczyzna,67.0,Wyższe,3776.34,20:07,04:31,Praca
Mężczyzna,46.0,Średnie,10792.65,07:27,,Inne
Kobieta,42.0,Średnie,,12:59,17:53,Zakupy
Kobieta,45.0,Wyższe,10254.12,05:29,08:32,Rozrywka
Kobieta,35.0,Wyższe,8447.82,21:11,03:52,Praca
Mężczyzna,37.0,Średnie,4148.62,23:35,23:10,Inne
Kobieta,38.0,Wyższe,3818.17,17:23,22:15,Rozrywka
Kobieta,39.0,Wyższe,12196.45,12:45,18:31,Praca
Mężczyzna,59.0,Wyższe,12747.1,21:50,03:17,Zakupy
Mężczyzna,23.0,Średnie,10285.45,10:04,18:13,Inne
Kobieta,45.0,Wyższe,8139.31,05:12,11:55,Edukacja
Mężczyzna,47.0,Podstawowe,11150.89,08:35,16:02,Rozrywka
Mężczyzna,61.0,Podstawowe,10317.71,11:44,12:39,Zakupy
Kobieta,38.0,Średnie,4415.48,07:04,09:10,Zakupy
Mężczyzna,62.0,Podstawowe,14402.53,22:46,01:10,Praca
Mężczyzna,62.0,Podstawowe,7505.72,23:52,23:47,Inne
Kobieta,18.0,Średnie,11029.45,13:11,22:09,Zakupy
Mężczyzna,64.0,,4460.98,21:19,06:42,Zakupy
Mężczyzna,53.0,Wyższe,14879.94,22:14,11:38,Praca
Mężczyzna,20.0,Podstawowe,4965.13,16:17,20:29,Rozrywka
Mężczyzna,45.0,Średnie,12913.44,22:34,06:07,Inne
Mężczyzna,66.0,Wyższe,6389.25,06:56,06:21,Edukacja
Kobieta,58.0,Średnie,11842.93,17:07,03:12,Inne
Mężczyzna,38.0,Wyższe,5878.93,10:11,12:04,Inne
Mężczyzna,65.0,Średnie,7079.77,14:46,21:59,Rozrywka
Kobieta,43.0,Podstawowe,3809.09,14:12,17:10,Rozrywka
Kobieta,66.0,Podstawowe,6885.03,11:38,15:08,Rozrywka
Kobieta,49.0,Podstawowe,12018.67,14:17,19:00,Edukacja
Kobieta,36.0,Podstawowe,13931.57,10:49,12:50,Praca
Mężczyzna,57.0,Wyższe,12381.37,07:35,12:32,Rozrywka
Kobieta,58.0,Wyższe,4538.1,06:00,12:00,Rozrywka
Kobieta,40.0,Średnie,6965.82,15:25,02:54,Rozrywka
Kobieta,29.0,Podstawowe,5769.94,06:24,13:16,Zakupy
,52.0,Wyższe,,,,
Kobieta,25.0,Podstawowe,12935.94,13:00,19:22,Rozrywka
Kobieta,55.0,Średnie,5371.17,05:40,09:31,Rozrywka
Mężczyzna,42.0,Średnie,13631.02,08:48,18:24,Edukacja
Mężczyzna,52.0,Wyższe,5481.53,19:19,06:07,Zakupy
Mężczyzna,41.0,Średnie,13604.11,16:56,03:39,Inne
Mężczyzna,55.0,Średnie,14330.53,23:21,06:43,Praca
Mężczyzna,28.0,Podstawowe,7347.93,22:49,06:20,Edukacja
Kobieta,62.0,Podstawowe,3500.21,30:35,17:55,Zakupy
Kobieta,31.0,Średnie,10910.84,22:11,06:21,Inne
Kobieta,38.0,Wyższe,10960.5,09:01,17:51,Rozrywka
Kobieta,47.0,Wyższe,4306.64,05:27,15:03,Rozrywka
Mężczyzna,46.0,Wyższe,4873.63,06:55,12:59,Praca
Kobieta,62.0,Wyższe,13251.98,19:11,22:34,Rozrywka
Mężczyzna,49.0,Średnie,9303.58,23:49,07:02,
Mężczyzna,30.0,Wyższe,5026.95,09:38,13:07,Edukacja
Kobieta,36.0,Wyższe,11034.35,08:27,13:51,Edukacja
Mężczyzna,19.0,Średnie,6858.4,18:09,00:54,Edukacja
Kobieta,55.0,Podstawowe,8618.59,05:23,12:19,Zakupy
Mężczyzna,51.0,Średnie,14944.03,05:28,15:07,Praca
Kobieta,61.0,Wyższe,10067.34,06:11,08:14,Zakupy
Mężczyzna,60.0,Wyższe,10983.56,19:18,21:20,Edukacja
Mężczyzna,40.0,Średnie,11742.68,19:37,03:10,Rozrywka
Kobieta,21.0,Średnie,7862.02,21:11,05:02,Inne
Mężczyzna,51.0,Podstawowe,11567.06,23:59,07:11,Praca
Kobieta,18.0,Średnie,7309.31,23:40,06:22,Inne
Kobieta,42.0,Podstawowe,5675.06,09:36,15:37,Zakupy
Kobieta,19.0,Podstawowe,9016.07,18:56,04:41,Praca
Mężczyzna,63.0,Podstawowe,11386.1,21:33,23:47,Inne
Mężczyzna,59.0,Średnie,4983.77,12:22,12:59,Zakupy
Kobieta,41.0,Średnie,9286.02,20:24,04:32,Praca
Mężczyzna,36.0,Podstawowe,14002.3,13:30,18:45,Inne
Kobieta,51.0,Podstawowe,3243.09,12:54,19:01,Inne
Kobieta,65.0,Wyższe,7582.77,21:42,23:12,Zakupy
Kobieta,31.0,Średnie,13072.79,06:17,06:52,Inne
Mężczyzna,46.0,Podstawowe,3861.9,05:42,09:33,Zakupy
Mężczyzna,38.0,Wyższe,5846.01,05:17,14:18,Praca
Mężczyzna,51.0,Średnie,9575.05,12:06,23:30,Edukacja
Kobieta,48.0,Średnie,6998.98,19:16,20:04,Inne
Mężczyzna,31.0,Średnie,13729.71,17:25,19:39,Rozrywka
Kobieta,23.0,Średnie,6744.49,08:50,13:41,Rozrywka
Mężczyzna,59.0,Średnie,3272.66,10:03,17:16,Edukacja
Mężczyzna,40.0,Podstawowe,5772.97,29:58,11:44,Praca
Kobieta,56.0,Podstawowe,8564.34,06:20,14:36,Rozrywka
Mężczyzna,69.0,Średnie,3766.28,17:25,23:04,Inne
Kobieta,57.0,Średnie,10705.12,05:59,08:43,Praca
Mężczyzna,56.0,Podstawowe,14421.76,23:19,08:46,Edukacja
Mężczyzna,43.0,Wyższe,3495.85,11:47,13:37,Rozrywka
Mężczyzna,20.0,Wyższe,13444.03,20:16,03:15,Praca
Kobieta,69.0,Średnie,9507.82,14:04,19:30,Rozrywka
Mężczyzna,36.0,Wyższe,7227.31,09:32,17:41,Praca
Kobieta,63.0,Wyższe,8596.2,20:35,03:42,Zakupy
Mężczyzna,25.0,Średnie,5880.33,06:32,06:04,Edukacja
Kobieta,66.0,Średnie,10674.5,16:53,01:56,Zakupy
Mężczyzna,31.0,Wyższe,5626.32,05:09,16:13,Praca
Kobieta,18.0,Wyższe,13053.72,21:20,03:46,Inne
Kobieta,22.0,Średnie,13309.7,20:07,07:28,Rozrywka
Mężczyzna,35.0,Podstawowe,14557.42,23:16,02:07,Inne
Mężczyzna,23.0,Wyższe,7170.38,11:17,11:58,Edukacja
Kobieta,41.0,Średnie,6934.2,22:33,23:55,Edukacja
Mężczyzna,32.0,Podstawowe,4748.89,13:04,15:58,Rozrywka
Mężczyzna,35.0,Średnie,10961.34,09:46,16:20,Praca
Kobieta,20.0,Średnie,11775.12,14:45,00:00,Edukacja
Kobieta,20.0,Podstawowe,10160.27,05:09,11:11,Zakupy
Kobieta,34.0,Wyższe,9261.93,09:54,16:06,Inne
Mężczyzna,45.0,Średnie,11432.6,22:25,06:37,Inne
,,,11084.06,,17:05,
Kobieta,69.0,Średnie,6231.4,18:58,20:22,Rozrywka
Mężczyzna,36.0,Podstawowe,9850.08,15:40,15:39,Inne
Mężczyzna,39.0,Średnie,6752.43,23:50,01:35,Praca
Mężczyzna,22.0,Wyższe,10137.92,05:33,06:57,Edukacja
,46.0,Średnie,,,,
Mężczyzna,57.0,Podstawowe,10622.8,25:04,00:37,Zakupy
Mężczyzna,41.0,Podstawowe,10635.34,07:19,11:10,Rozrywka
Kobieta,43.0,Średnie,3699.19,05:52,06:13,Zakupy
Mężczyzna,52.0,Średnie,7886.9,22:35,04:33,Praca
Kobieta,35.0,,13601.31,22:55,01:46,Inne
Mężczyzna,70.0,Podstawowe,8248.36,15:39,19:00,Zakupy
Kobieta,22.0,Średnie,12367.3,17:42,17:57,Zakupy
Mężczyzna,20.0,Średnie,6272.65,23:40,06:59,Praca
Mężczyzna,39.0,Podstawowe,9803.02,17:28,00:06,Inne
Mężczyzna,64.0,Wyższe,13146.74,06:13,12:36,Edukacja
Mężczyzna,55.0,Średnie,12518.21,13:24,19:59,Edukacja
Kobieta,62.0,,3211.86,12:46,21:07,Rozrywka
Kobieta,45.0,Wyższe,9358.28,08:19,13:24,Zakupy
Kobieta,32.0,Wyższe,14599.63,14:31,23:03,Zakupy
Kobieta,30.0,Wyższe,10635.41,12:37,18:12,Zakupy
Kobieta,20.0,Średnie,11954.19,21:05,22:15,Rozrywka
Mężczyzna,60.0,Średnie,9668.21,12:50,20:04,Praca
Kobieta,23.0,Średnie,12689.23,09:07,11:30,Zakupy
Kobieta,70.0,Podstawowe,10969.05,17:48,04:41,Rozrywka
Kobieta,64.0,Średnie,9515.85,14:08,14:33,Praca
Mężczyzna,22.0,Podstawowe,3637.63,08:46,08:07,Zakupy
Kobieta,27.0,Wyższe,4023.91,07:50,09:39,Rozrywka
Mężczyzna,51.0,Średnie,13177.23,17:29,03:12,Inne
Mężczyzna,27.0,Średnie,9727.96,13:45,18:09,Praca
,66.0,Wyższe,6385.85,08:12,08:32,Inne
Mężczyzna,44.0,Średnie,9508.74,15:56,00:45,Rozrywka
Mężczyzna,68.0,Podstawowe,7595.8,13:42,15:27,Zakupy
Kobieta,51.0,Podstawowe,13781.64,19:41,23:32,Zakupy
Kobieta,28.0,Wyższe,7616.98,22:32,03:37,Zakupy
Kobieta,40.0,Wyższe,3986.12,14:56,15:51,Zakupy
Mężczyzna,57.0,Podstawowe,6323.9,06:44,07:44,Inne
Mężczyzna,36.0,Średnie,12742.87,11:07,12:48,Praca
Kobieta,54.0,Wyższe,4985.04,09:30,17:34,Edukacja
Mężczyzna,42.0,Średnie,10013.38,09:05,20:34,Edukacja
Kobieta,57.0,Średnie,9019.87,15:04,17:40,Edukacja
Kobieta,32.0,Średnie,3662.23,17:19,20:43,Inne
Kobieta,45.0,Wyższe,12797.93,11:33,16:29,Praca
Mężczyzna,18.0,Podstawowe,6937.02,15:14,17:37,Edukacja
Kobieta,62.0,Wyższe,10597.78,20:40,22:27,Zakupy
Mężczyzna,35.0,Średnie,4546.45,11:19,17:55,Zakupy
Mężczyzna,70.0,Wyższe,11025.2,13:56,13:18,Praca
Mężczyzna,60.0,Wyższe,,23:32,06:56,Rozrywka
Mężczyzna,70.0,Wyższe,13267.25,23:11,07:33,Rozrywka
Mężczyzna,67.0,Wyższe,7964.92,22:07,06:14,Praca
Mężczyzna,43.0,Podstawowe,4337.24,08:30,14:49,Edukacja
Kobieta,51.0,Podstawowe,12521.45,11:10,15:59,Edukacja
Kobieta,60.0,Średnie,4830.42,19:59,00:10,Zakupy
Kobieta,60.0,Wyższe,8964.38,11:26,17:56,Rozrywka
Kobieta,45.0,Podstawowe,9719.47,09:49,19:05,Zakupy
Mężczyzna,63.0,Wyższe,13289.53,06:08,10:25,Inne
Mężczyzna,52.0,Średnie,6649.02,13:29,15:14,Rozrywka
Kobieta,28.0,Wyższe,4364.28,14:05,17:28,Edukacja
Kobieta,38.0,Podstawowe,14084.12,12:44,20:02,Rozrywka
Kobieta,40.0,Wyższe,11847.71,23:55,04:57,Inne
Kobieta,37.0,Wyższe,5371.98,23:09,02:53,Praca
Kobieta,56.0,Wyższe,9871.25,21:58,07:55,Edukacja
Mężczyzna,46.0,Podstawowe,10034.58,17:28,20:15,Zakupy
Kobieta,28.0,Wyższe,8974.84,12:06,23:20,Praca
Mężczyzna,29.0,Podstawowe,9993.15,05:09,08:47,Praca
Kobieta,36.0,Podstawowe,11646.2,05:32,13:07,Edukacja
Kobieta,54.0,Podstawowe,13360.71,19:27,01:20,Inne
Kobieta,33.0,Podstawowe,7241.48,08:37,09:55,Inne
Mężczyzna,38.0,Średnie,14693.66,12:58,15:33,Zakupy
Kobieta,65.0,,,,,
Mężczyzna,62.0,Wyższe,5727.55,19:15,20:02,Edukacja
Mężczyzna,53.0,Wyższe,12894.66,06:55,17:07,Edukacja
Kobieta,36.0,Podstawowe,7879.18,07:44,10:58,Praca
Mężczyzna,32.0,Wyższe,13532.41,19:12,05:46,Edukacja
Kobieta,19.0,Średnie,8251.16,15:26,02:45,Zakupy
Mężczyzna,58.0,Podstawowe,3049.94,11:19,16:26,Inne
Mężczyzna,29.0,Wyższe,5637.64,05:53,06:41,Edukacja
Kobieta,57.0,Średnie,8396.78,06:20,15:33,Edukacja
Kobieta,40.0,Podstawowe,9924.43,08:02,10:12,Praca
Mężczyzna,46.0,Podstawowe,8038.51,06:05,08:57,Inne
Kobieta,51.0,Podstawowe,8383.98,09:05,19:37,Zakupy
Mężczyzna,67.0,Podstawowe,11227.69,20:46,23:06,Rozrywka
Kobieta,44.0,Podstawowe,9432.84,11:01,16:25,Zakupy
Mężczyzna,44.0,Podstawowe,13208.19,07:48,12:54,Praca
Kobieta,55.0,Podstawowe,14277.04,12:13,14:25,Edukacja
Mężczyzna,31.0,Średnie,5293.25,13:03,21:29,Zakupy
Kobieta,32.0,Średnie,3429.61,20:50,04:35,Rozrywka
Kobieta,53.0,Średnie,7414.2,07:27,14:42,Zakupy
Mężczyzna,26.0,Średnie,5406.66,06:19,13:41,Zakupy
Kobieta,46.0,Wyższe,9669.28,10:14,16:47,Zakupy
Kobieta,18.0,Średnie,14110.97,22:19,02:34,Edukacja
Kobieta,67.0,Wyższe,6602.08,12:33,16:53,Praca
Mężczyzna,45.0,Podstawowe,9687.11,23:48,08:55,Zakupy
Mężczyzna,52.0,Wyższe,11619.11,16:18,23:53,Zakupy
Mężczyzna,24.0,Wyższe,4162.36,12:37,23:00,Rozrywka
Mężczyzna,38.0,Wyższe,6418.92,14:53,01:34,Zakupy
Mężczyzna,50.0,Podstawowe,9668.9,10:09,12:38,Praca
Kobieta,35.0,Wyższe,5723.01,15:16,22:38,Inne
Kobieta,36.0,Średnie,7176.79,10:23,20:43,Inne
Kobieta,43.0,Średnie,6923.95,23:44,07:02,Inne
Kobieta,70.0,Podstawowe,7201.01,13:01,23:41,Edukacja
Mężczyzna,42.0,Średnie,9826.94,23:09,06:14,Praca
Kobieta,50.0,Podstawowe,12868.54,07:00,15:32,Zakupy
Kobieta,51.0,Podstawowe,3488.79,12:50,15:01,Rozrywka
Kobieta,61.0,Średnie,13801.39,08:25,19:05,Rozrywka
Kobieta,18.0,Podstawowe,3807.82,11:35,13:47,Praca
Kobieta,50.0,Podstawowe,6080.45,18:23,04:18,Edukacja
Kobieta,65.0,Wyższe,10675.08,15:22,02:39,Inne
Mężczyzna,51.0,Wyższe,6100.33,13:56,20:55,Inne
Kobieta,68.0,Podstawowe,10770.55,06:01,09:52,Inne
,45.0,,,,,Rozrywka
Kobieta,68.0,Podstawowe,7880.23,13:59,15:39,Rozrywka
Kobieta,67.0,Podstawowe,7929.41,16:33,16:40,Inne
Mężczyzna,35.0,Średnie,7235.4,15:38,20:53,Praca
Mężczyzna,59.0,Podstawowe,12641.62,23:52,08:29,Edukacja
Kobieta,60.0,Średnie,8875.26,17:31,00:16,Edukacja
Kobieta,56.0,Średnie,4737.47,22:20,06:53,Edukacja
Mężczyzna,39.0,Wyższe,13683.26,16:28,00:42,Praca
Mężczyzna,55.0,Podstawowe,6740.32,22:36,23:24,Edukacja
Kobieta,70.0,Podstawowe,11006.41,18:00,01:37,Rozrywka
Mężczyzna,21.0,Podstawowe,10412.41,22:33,02:43,Zakupy
Kobieta,27.0,Wyższe,12139.79,21:57,08:40,Praca
Mężczyzna,46.0,Średnie,13327.42,21:08,02:11,Praca
Kobieta,57.0,Średnie,10410.59,18:59,23:18,Zakupy
Mężczyzna,39.0,Średnie,6648.46,22:18,06:52,Rozrywka
Kobieta,29.0,Wyższe,10116.46,06:02,08:11,Edukacja
Kobieta,23.0,Podstawowe,10338.56,18:59,19:55,Edukacja
Mężczyzna,60.0,Podstawowe,5012.84,17:45,00:00,Praca
Mężczyzna,59.0,Podstawowe,7621.65,07:11,07:48,Inne
Mężczyzna,22.0,Średnie,4229.17,20:53,23:04,Praca
Kobieta,42.0,Średnie,7762.98,23:22,01:56,Praca
Mężczyzna,60.0,Wyższe,12447.18,14:44,20:45,Zakupy
Mężczyzna,68.0,Wyższe,10671.71,08:00,13:52,Zakupy
Mężczyzna,70.0,Średnie,11206.92,17:15,04:28,Edukacja
Kobieta,33.0,Wyższe,11328.7,21:39,06:10,Inne
Kobieta,31.0,Wyższe,8569.39,17:46,04:42,Edukacja
Kobieta,21.0,Podstawowe,9822.21,11:47,14:49,Edukacja
Mężczyzna,24.0,Wyższe,9804.75,17:37,19:04,Inne
Mężczyzna,55.0,Wyższe,8016.79,19:50,20:21,Rozrywka
Kobieta,49.0,Wyższe,9730.13,22:35,05:04,Zakupy
Mężczyzna,23.0,Wyższe,3740.17,07:00,14:50,Zakupy
Mężczyzna,43.0,Wyższe,8501.38,14:22,23:13,Edukacja
Mężczyzna,44.0,Średnie,8496.31,21:47,00:52,Zakupy
Mężczyzna,43.0,Podstawowe,3251.28,11:04,21:19,Inne
Kobieta,56.0,Średnie,,12:34,19:06,Rozrywka
Mężczyzna,61.0,Średnie,7537.45,15:26,20:34,Rozrywka
Kobieta,25.0,Wyższe,11670.3,13:31,02:42,Rozrywka
Kobieta,49.0,Podstawowe,7620.56,07:38,18:40,Zakupy
Kobieta,32.0,Wyższe,11433.71,07:36,11:03,Edukacja
Kobieta,28.0,Wyższe,10559.23,09:03,12:50,Edukacja
Mężczyzna,38.0,Wyższe,5067.99,13:36,17:42,Rozrywka
Mężczyzna,62.0,Wyższe,7853.15,10:33,17:53,Praca
Kobieta,26.0,Podstawowe,13402.38,05:13,12:01,Rozrywka
Kobieta,51.0,Wyższe,13334.82,23:44,09:39,Zakupy
Mężczyzna,43.0,Wyższe,13088.61,10:43,13:21,Praca
Kobieta,36.0,Podstawowe,10382.08,12:42,15:20,Rozrywka
Kobieta,24.0,Podstawowe,14644.21,18:10,21:25,Zakupy
Mężczyzna,51.0,Wyższe,5794.94,19:01,23:02,Rozrywka
Mężczyzna,61.0,Średnie,3285.38,19:23,02:36,Praca
Kobieta,30.0,Wyższe,12438.46,12:19,18:47,Zakupy
Kobieta,40.0,Wyższe,6826.99,14:45,01:49,Praca
Kobieta,60.0,Średnie,5200.08,09:58,14:41,Praca
Mężczyzna,,,,06:57,,
Mężczyzna,20.0,Podstawowe,14394.34,07:17,09:24,Praca
Kobieta,47.0,Średnie,7596.33,12:27,20:36,Zakupy
Kobieta,64.0,Średnie,9515.22,06:14,09:39,Praca
Mężczyzna,42.0,Wyższe,14391.42,07:10,12:07,Inne
Mężczyzna,37.0,Podstawowe,12641.47,12:56,23:36,Edukacja
Kobieta,21.0,Podstawowe,14785.42,07:54,08:25,Inne
Mężczyzna,29.0,Podstawowe,12849.96,14:21,16:09,Praca
Mężczyzna,31.0,Podstawowe,3690.97,30:22,22:05,Rozrywka
Mężczyzna,53.0,Wyższe,12838.17,06:11,06:37,Praca
Kobieta,30.0,Średnie,3691.9,09:31,19:22,Praca
,,,,12:55,17:41,
Kobieta,64.0,Podstawowe,14525.28,22:37,,Praca
Kobieta,65.0,Średnie,6112.95,11:39,16:11,Rozrywka
Kobieta,68.0,Średnie,11055.81,13:04,16:29,Rozrywka
Kobieta,36.0,Podstawowe,4957.78,13:56,22:49,Zakupy
Mężczyzna,19.0,Średnie,3143.28,14:45,20:00,Rozrywka
Kobieta,45.0,Podstawowe,11320.33,09:53,13:00,Edukacja
Kobieta,53.0,Podstawowe,5404.99,10:29,18:42,
Mężczyzna,58.0,Wyższe,,08:13,08:54,Praca
Kobieta,63.0,Wyższe,13324.85,12:17,12:49,Inne
Mężczyzna,21.0,Wyższe,5783.9,10:57,13:20,Zakupy
Kobieta,48.0,Średnie,14488.57,05:41,07:12,Rozrywka
Mężczyzna,36.0,Podstawowe,3130.59,17:01,17:35,Edukacja
Kobieta,42.0,Podstawowe,5484.38,21:07,02:48,Zakupy
Mężczyzna,21.0,Średnie,3473.01,17:19,00:12,Zakupy
Mężczyzna,53.0,Podstawowe,3156.77,05:08,15:58,Edukacja
Kobieta,67.0,Średnie,4161.73,09:39,14:28,Rozrywka
Kobieta,50.0,Podstawowe,6580.95,07:32,09:46,Rozrywka
Mężczyzna,35.0,Średnie,6768.96,16:30,16:37,Inne
Mężczyzna,,Podstawowe,4515.83,07:01,09:15,Rozrywka
Kobieta,49.0,Wyższe,12548.96,13:08,20:32,Edukacja
Kobieta,65.0,Średnie,6020.21,22:27,02:40,Inne
Mężczyzna,38.0,Podstawowe,7441.64,21:05,04:17,Praca
Mężczyzna,50.0,Średnie,11394.1,21:07,02:14,Rozrywka
Kobieta,27.0,Wyższe,10736.61,14:06,00:44,Zakupy
Mężczyzna,31.0,Wyższe,6264.79,09:20,13:19,
Mężczyzna,26.0,Wyższe,9125.49,14:02,20:07,Zakupy
Kobieta,27.0,Podstawowe,5926.63,20:03,06:10,Rozrywka
Kobieta,65.0,Wyższe,13423.51,11:25,15:43,Praca
Kobieta,37.0,Średnie,7866.76,09:28,12:45,Praca
Mężczyzna,48.0,Podstawowe,11864.8,06:40,16:20,Edukacja
Mężczyzna,67.0,Podstawowe,4538.09,17:39,04:06,Zakupy
Kobieta,36.0,Wyższe,7012.88,07:40,18:09,Rozrywka
Mężczyzna,68.0,Podstawowe,3926.94,11:15,22:49,Inne
Kobieta,47.0,Wyższe,4520.24,17:04,01:54,Praca
Mężczyzna,29.0,Podstawowe,6216.12,21:35,22:02,Edukacja
Mężczyzna,61.0,Podstawowe,5877.46,17:12,23:33,Zakupy
Mężczyzna,19.0,Podstawowe,14544.85,10:22,16:33,Rozrywka
Mężczyzna,58.0,Podstawowe,4232.6,23:04,08:17,Zakupy
Mężczyzna,70.0,Średnie,3726.71,07:18,08:09,Praca
Kobieta,48.0,Wyższe,12323.45,13:00,18:39,Praca
Mężczyzna,41.0,Podstawowe,4501.09,05:36,09:40,Rozrywka
Mężczyzna,70.0,Średnie,14519.42,23:15,10:56,Zakupy
Kobieta,50.0,,13958.39,19:44,00:53,Inne
Mężczyzna,61.0,Średnie,14294.74,09:36,09:20,Inne
Kobieta,49.0,Wyższe,13101.83,11:40,19:09,Inne
Mężczyzna,57.0,Podstawowe,12679.89,19:39,19:15,Praca
Kobieta,42.0,Podstawowe,4783.2,16:11,18:11,Edukacja
Kobieta,67.0,Podstawowe,8951.19,08:25,16:48,Edukacja
Mężczyzna,39.0,Wyższe,6064.86,23:41,06:06,Praca
Kobieta,51.0,Średnie,8147.02,11:38,19:08,Zakupy
Mężczyzna,19.0,Wyższe,9557.75,23:41,05:52,Rozrywka
Mężczyzna,54.0,Podstawowe,5558.06,12:54,23:27,Edukacja
Kobieta,34.0,Podstawowe,7049.36,20:27,22:59,Zakupy
Mężczyzna,56.0,Podstawowe,10541.65,05:00,15:27,Zakupy
Kobieta,67.0,Średnie,7096.49,06:14,11:35,Zakupy
Mężczyzna,30.0,Podstawowe,12657.15,18:04,05:32,Zakupy
Kobieta,66.0,Wyższe,4366.02,06:39,11:19,Edukacja
Kobieta,47.0,Wyższe,12592.85,23:39,07:30,Edukacja
Mężczyzna,31.0,Średnie,9105.03,12:00,21:36,Praca
Mężczyzna,30.0,Podstawowe,14103.82,14:40,20:11,Edukacja
Mężczyzna,42.0,Wyższe,4323.57,12:39,15:59,Praca
Kobieta,49.0,Wyższe,10276.03,10:44,15:46,Rozrywka
Kobieta,26.0,Średnie,10747.02,19:11,19:49,Zakupy
Mężczyzna,66.0,Wyższe,13754.88,10:29,19:29,Praca
Mężczyzna,37.0,Wyższe,11019.08,13:02,19:10,Praca
Mężczyzna,69.0,Średnie,13626.06,19:56,19:12,Inne
Kobieta,60.0,Średnie,8823.64,22:38,23:41,Inne
Mężczyzna,49.0,Podstawowe,10929.43,17:22,18:42,Inne
Kobieta,22.0,Średnie,13326.93,22:38,04:15,Praca
Kobieta,52.0,Wyższe,14949.21,10:34,14:44,Rozrywka
Mężczyzna,37.0,Podstawowe,5205.14,22:49,09:06,Zakupy
Mężczyzna,22.0,Średnie,12636.25,22:34,22:14,Edukacja
Mężczyzna,69.0,Podstawowe,3164.69,21:52,07:18,Rozrywka
Kobieta,20.0,Średnie,10334.92,15:51,17:05,Inne
Mężczyzna,56.0,Podstawowe,7731.54,07:33,12:05,Edukacja
Kobieta,22.0,Wyższe,5368.53,24:41,22:01,Inne
Mężczyzna,69.0,Podstawowe,6204.0,08:52,11:25,Praca
Mężczyzna,18.0,Podstawowe,8176.54,21:41,01:54,Edukacja
Kobieta,46.0,Średnie,9068.91,18:06,18:36,Rozrywka
Mężczyzna,34.0,,13275.34,17:34,01:06,Praca
Mężczyzna,27.0,Podstawowe,14276.65,21:05,06:54,Inne
Kobieta,42.0,Podstawowe,8280.06,07:22,16:33,Praca
Kobieta,58.0,Wyższe,7699.43,17:13,20:22,Zakupy
Mężczyzna,22.0,Średnie,10836.26,17:23,22:09,Zakupy
Mężczyzna,44.0,Średnie,4852.34,07:53,20:26,Edukacja
Kobieta,49.0,Podstawowe,9319.78,17:33,00:42,Edukacja
Mężczyzna,22.0,Podstawowe,10962.78,18:02,01:55,Praca
Mężczyzna,68.0,Podstawowe,11785.17,18:26,19:50,Zakupy
Mężczyzna,29.0,Średnie,8119.75,17:51,23:18,Praca
Mężczyzna,58.0,Wyższe,6009.54,21:12,06:49,Rozrywka
Mężczyzna,69.0,Podstawowe,9507.55,18:20,05:21,Praca
Kobieta,64.0,Wyższe,10169.63,20:45,23:09,Rozrywka
Mężczyzna,29.0,Średnie,5002.36,06:23,17:37,Zakupy
Kobieta,34.0,Średnie,7054.59,07:25,10:07,Rozrywka
Mężczyzna,49.0,Wyższe,10624.97,09:01,19:34,Zakupy
Mężczyzna,51.0,Wyższe,9579.04,19:26,05:24,Zakupy
Kobieta,50.0,Średnie,11703.53,07:39,09:25,Edukacja
Mężczyzna,23.0,Średnie,5762.93,11:54,11:08,Rozrywka
Mężczyzna,44.0,Wyższe,3175.41,14:27,20:44,Edukacja
Kobieta,39.0,Wyższe,14872.8,16:28,21:23,Edukacja
,,Podstawowe,,28:55,,Praca
Mężczyzna,48.0,Średnie,9379.78,21:58,00:10,Praca
Kobieta,32.0,Średnie,3582.77,22:13,06:30,Edukacja
,,Wyższe,14599.8,17:28,06:46,
Mężczyzna,54.0,Podstawowe,12334.74,13:41,19:01,Zakupy
Kobieta,54.0,Wyższe,12432.75,19:45,20:04,Edukacja
Mężczyzna,54.0,Podstawowe,10864.22,14:33,16:06,Edukacja
Mężczyzna,30.0,Średnie,9055.6,05:25,07:17,Edukacja
Mężczyzna,38.0,Średnie,13132.71,09:04,20:39,Edukacja
Mężczyzna,39.0,Wyższe,3415.01,18:20,23:55,Inne
Kobieta,52.0,Średnie,6164.09,08:27,10:01,Praca
Mężczyzna,64.0,Podstawowe,12324.3,22:45,06:43,Rozrywka
Kobieta,30.0,Wyższe,12584.72,18:16,05:33,Zakupy
Kobieta,56.0,Podstawowe,4835.42,18:08,03:19,Edukacja
Kobieta,67.0,Wyższe,5024.51,09:52,18:26,Praca
Kobieta,54.0,Podstawowe,7385.57,09:17,10:49,Rozrywka
Mężczyzna,43.0,,5130.42,23:01,01:31,Praca
Mężczyzna,64.0,Wyższe,4979.18,05:48,15:46,Zakupy
Mężczyzna,66.0,Podstawowe,14315.76,13:18,00:52,Praca
Kobieta,68.0,Podstawowe,10961.43,17:38,18:48,Zakupy
Mężczyzna,26.0,Średnie,5788.54,22:37,09:05,Praca
Mężczyzna,70.0,Podstawowe,3060.83,16:40,01:09,Inne
Mężczyzna,64.0,Wyższe,10652.9,15:41,16:27,Zakupy
Kobieta,32.0,Średnie,12647.21,15:31,21:54,Praca
Mężczyzna,27.0,Wyższe,14758.21,23:04,06:05,Zakupy
Kobieta,55.0,Podstawowe,14454.56,14:37,22:07,Rozrywka
Kobieta,34.0,Wyższe,8286.0,19:24,04:44,Rozrywka
Kobieta,54.0,Podstawowe,10745.88,12:26,16:31,Inne
Kobieta,56.0,Wyższe,9017.21,19:07,00:01,Inne
Mężczyzna,21.0,Podstawowe,14417.36,07:01,18:05,Rozrywka
Mężczyzna,59.0,Średnie,11468.53,,01:11,Edukacja
Kobieta,40.0,Podstawowe,11619.0,17:33,22:08,Inne
Mężczyzna,30.0,Średnie,9880.81,19:18,22:07,Praca
Kobieta,26.0,Podstawowe,,15:29,04:45,Zakupy
Mężczyzna,63.0,Podstawowe,4550.1,15:53,01:38,Zakupy
Kobieta,39.0,Wyższe,6756.81,21:01,05:37,Rozrywka
Mężczyzna,31.0,Średnie,10498.73,,13:57,Edukacja
Mężczyzna,44.0,Średnie,13049.1,18:08,23:52,Inne
Kobieta,24.0,Podstawowe,6810.78,18:49,20:11,Rozrywka
,,,,06:03,10:41,
Mężczyzna,53.0,Podstawowe,7165.45,16:04,18:09,Edukacja
Mężczyzna,24.0,Wyższe,9000.13,11:13,21:46,Edukacja
Kobieta,60.0,Średnie,7209.78,17:25,18:56,Edukacja
Kobieta,40.0,Wyższe,11406.64,11:01,21:59,Zakupy
,,,6921.44,15:37,,
Kobieta,37.0,Podstawowe,12022.05,06:58,17:03,Inne
Kobieta,42.0,Podstawowe,3761.44,23:56,06:14,Edukacja
Mężczyzna,55.0,Podstawowe,10139.53,19:00,01:31,Rozrywka
Mężczyzna,21.0,Wyższe,5217.03,07:11,07:55,Inne
Mężczyzna,56.0,Wyższe,9754.4,07:12,11:58,Rozrywka
Kobieta,64.0,Wyższe,14246.08,05:31,11:15,Inne
Kobieta,38.0,Średnie,9044.92,23:07,07:30,Zakupy
Kobieta,67.0,Podstawowe,13796.47,14:34,15:26,Rozrywka
Kobieta,69.0,Podstawowe,7864.11,05:54,07:40,Praca
Mężczyzna,51.0,Średnie,11271.11,20:54,23:11,Edukacja
Mężczyzna,28.0,Podstawowe,5073.93,13:32,18:32,Rozrywka
Kobieta,23.0,Podstawowe,10081.26,17:14,22:41,Zakupy
Mężczyzna,40.0,Podstawowe,10569.93,12:42,19:42,Zakupy
Mężczyzna,28.0,Średnie,4909.41,12:41,14:58,Inne
Mężczyzna,33.0,Średnie,10544.48,10:39,17:59,Inne
Kobieta,68.0,Średnie,5938.94,19:45,03:39,Zakupy
Kobieta,50.0,Podstawowe,10423.46,17:39,03:36,Edukacja
Kobieta,18.0,Średnie,10548.18,20:34,20:21,Edukacja
Kobieta,23.0,Średnie,9441.67,17:56,22:01,Edukacja
Kobieta,38.0,Podstawowe,6653.6,23:30,00:55,Edukacja
Kobieta,70.0,Średnie,5833.62,23:27,12:32,Praca
Mężczyzna,62.0,Wyższe,11558.93,22:29,01:47,Praca
Kobieta,53.0,Podstawowe,5834.74,07:34,18:39,Zakupy
Mężczyzna,37.0,Średnie,3978.64,18:42,01:38,Zakupy
Mężczyzna,61.0,Podstawowe,10067.3,20:13,07:30,Praca
Kobieta,62.0,Średnie,9575.1,17:01,03:37,Praca
Kobieta,24.0,Średnie,11201.03,10:53,10:26,Inne
Mężczyzna,39.0,Średnie,,,04:25,Rozrywka
Kobieta,55.0,Średnie,,06:52,09:27,Praca
Mężczyzna,18.0,Podstawowe,13737.26,19:51,20:34,Inne
Mężczyzna,18.0,Podstawowe,11911.19,05:44,10:48,Zakupy
Mężczyzna,45.0,Podstawowe,8328.71,19:03,21:57,Praca
Mężczyzna,20.0,Podstawowe,3782.9,17:41,01:58,Edukacja
Kobieta,61.0,Wyższe,8770.39,09:47,13:53,Inne
Mężczyzna,21.0,Średnie,9770.69,21:19,04:59,Praca
Mężczyzna,29.0,Średnie,4043.95,21:13,21:36,Rozrywka
Mężczyzna,67.0,Średnie,14357.03,15:58,21:39,Inne
Mężczyzna,29.0,Wyższe,7238.97,21:51,22:17,Zakupy
Kobieta,48.0,Podstawowe,6623.8,21:28,21:06,Edukacja
Mężczyzna,34.0,Wyższe,10389.42,10:36,21:34,Rozrywka
Mężczyzna,38.0,Podstawowe,3323.6,18:34,19:32,Edukacja
Mężczyzna,34.0,Średnie,4686.78,17:34,17:55,Rozrywka
Mężczyzna,53.0,Średnie,9221.29,07:57,17:18,Edukacja
Mężczyzna,59.0,Podstawowe,13521.57,,20:49,Inne
Mężczyzna,54.0,Średnie,13606.49,14:55,20:18,Inne
Kobieta,63.0,,6993.45,12:20,23:59,Zakupy
Kobieta,55.0,Średnie,7655.93,18:54,01:51,Zakupy
Mężczyzna,44.0,Średnie,5836.25,05:26,10:13,Rozrywka
Mężczyzna,69.0,Średnie,10406.41,19:42,06:48,Inne
Mężczyzna,62.0,Wyższe,6988.54,20:47,23:36,Edukacja
Kobieta,63.0,Podstawowe,6769.49,22:30,23:36,Zakupy
Kobieta,46.0,Wyższe,7606.23,06:18,12:07,Zakupy
Mężczyzna,34.0,Średnie,8546.85,12:33,13:31,Inne
Mężczyzna,35.0,Podstawowe,3587.06,13:39,17:11,Zakupy
Kobieta,55.0,Podstawowe,4860.88,15:07,22:42,Inne
,,,,,09:28,Zakupy
Mężczyzna,36.0,Średnie,5692.07,06:19,16:23,Praca
Kobieta,57.0,Wyższe,6213.81,11:25,13:03,Inne
Mężczyzna,40.0,Wyższe,14629.1,17:02,00:23,Inne
Kobieta,58.0,Średnie,6403.29,06:27,13:55,Edukacja
Mężczyzna,24.0,Wyższe,6819.04,10:37,16:39,Praca
Mężczyzna,55.0,Wyższe,4625.84,13:13,13:06,Edukacja
Mężczyzna,53.0,Podstawowe,14255.37,23:55,06:02,Rozrywka
Mężczyzna,41.0,Podstawowe,,22:56,02:53,Praca
Kobieta,66.0,Średnie,4832.44,08:10,14:31,Zakupy
Mężczyzna,25.0,Wyższe,9274.63,05:05,11:47,Inne
Kobieta,39.0,Wyższe,5959.6,05:17,06:41,Edukacja
Mężczyzna,49.0,Średnie,11901.1,05:49,13:20,Rozrywka
Kobieta,34.0,Wyższe,3699.17,08:43,15:32,Praca
Mężczyzna,48.0,Podstawowe,6260.5,15:17,18:34,Edukacja
Mężczyzna,37.0,Średnie,9694.52,17:14,23:20,Praca
Mężczyzna,31.0,Wyższe,13880.29,22:16,03:24,Inne
Kobieta,35.0,Podstawowe,13608.95,09:17,17:42,Praca
Kobieta,52.0,Wyższe,6029.91,20:40,05:54,Praca
Kobieta,37.0,Podstawowe,11960.27,11:08,21:15,Rozrywka
Mężczyzna,53.0,Średnie,6030.39,19:37,01:37,Rozrywka
Mężczyzna,42.0,Średnie,5612.83,16:26,03:02,Zakupy
Kobieta,63.0,Podstawowe,5286.13,18:28,21:08,Edukacja
Kobieta,60.0,Podstawowe,14931.69,09:45,12:01,Edukacja
Kobieta,59.0,Średnie,5539.08,18:21,19:43,Inne
Mężczyzna,31.0,Średnie,4501.76,14:58,21:30,Zakupy
Mężczyzna,43.0,Podstawowe,3339.45,07:44,14:20,Edukacja
Mężczyzna,36.0,Podstawowe,7711.34,14:16,01:11,Rozrywka
Mężczyzna,22.0,Podstawowe,3091.63,14:56,14:27,Edukacja
Kobieta,61.0,Wyższe,11540.21,11:08,18:43,Inne
Mężczyzna,44.0,Wyższe,4919.25,09:19,18:08,Rozrywka
Kobieta,41.0,Podstawowe,4969.23,10:05,19:57,Praca
Kobieta,53.0,Średnie,6215.24,18:46,23:30,Zakupy
Mężczyzna,62.0,Średnie,7312.4,20:47,07:08,Edukacja
Kobieta,58.0,Średnie,9365.94,15:15,15:25,Praca
Kobieta,54.0,Średnie,5689.5,13:08,21:38,Zakupy
Kobieta,43.0,Średnie,12203.89,19:05,02:44,Zakupy
Mężczyzna,35.0,Średnie,8427.63,05:04,08:38,Rozrywka
Kobieta,27.0,Podstawowe,5149.74,11:03,18:35,Praca
Kobieta,39.0,Średnie,14653.54,21:02,21:00,Praca
Kobieta,66.0,Średnie,9914.41,20:02,04:59,Rozrywka
Kobieta,45.0,Wyższe,3005.63,20:12,04:56,Edukacja
Mężczyzna,24.0,Średnie,8001.75,21:54,05:58,Edukacja
Kobieta,67.0,Podstawowe,5180.01,10:13,17:06,Inne
Kobieta,62.0,Podstawowe,13051.99,16:07,02:01,Rozrywka
Kobieta,35.0,Podstawowe,10261.99,09:12,17:45,Inne
Kobieta,41.0,Wyższe,7315.22,19:22,01:39,Praca
Mężczyzna,25.0,Wyższe,8629.44,08:53,08:31,Praca
Kobieta,60.0,Podstawowe,11810.5,05:39,07:25,Rozrywka
Kobieta,36.0,Podstawowe,10348.53,25:11,08:41,Rozrywka
Mężczyzna,49.0,Wyższe,3095.69,20:23,05:02,Edukacja
Mężczyzna,26.0,Podstawowe,11389.01,21:00,03:13,Edukacja
Kobieta,45.0,Średnie,4307.03,07:05,15:05,Edukacja
Kobieta,65.0,Podstawowe,7061.07,13:45,20:10,Edukacja
Mężczyzna,46.0,Wyższe,5885.47,14:55,21:35,Rozrywka
Kobieta,47.0,Wyższe,11211.98,23:59,04:40,Zakupy
Mężczyzna,21.0,Wyższe,11467.77,16:18,03:34,Edukacja
Kobieta,47.0,Średnie,10867.33,27:35,19:18,Edukacja
Mężczyzna,45.0,Podstawowe,11501.28,06:56,08:50,Inne
Kobieta,35.0,Podstawowe,10616.92,20:14,22:42,Zakupy
Kobieta,35.0,Podstawowe,10951.1,12:44,20:43,Inne
Mężczyzna,53.0,Wyższe,6679.37,11:19,19:39,Praca
Mężczyzna,42.0,Średnie,4226.27,13:24,21:17,Edukacja
Kobieta,47.0,Wyższe,14764.25,21:57,04:44,Rozrywka
Mężczyzna,57.0,Podstawowe,4461.22,22:41,09:34,Edukacja
Mężczyzna,58.0,Wyższe,14510.09,10:09,20:06,Zakupy
Mężczyzna,67.0,Podstawowe,14010.55,13:23,14:57,Rozrywka
Kobieta,24.0,Podstawowe,9609.59,14:56,18:36,Edukacja
Kobieta,35.0,Średnie,12363.93,21:55,02:14,Edukacja
Mężczyzna,52.0,Podstawowe,8154.72,10:54,10:41,Praca
Kobieta,40.0,Średnie,6955.25,05:18,14:01,Edukacja
Kobieta,69.0,Średnie,7558.26,23:07,09:12,Praca
Mężczyzna,61.0,Średnie,8074.05,08:09,08:00,Edukacja
Kobieta,42.0,Wyższe,13813.57,08:14,10:43,Praca
Kobieta,41.0,Średnie,13100.76,23:25,09:47,Praca
Kobieta,35.0,Podstawowe,11963.95,22:12,00:02,Praca
Kobieta,48.0,Podstawowe,11717.21,22:29,07:11,Rozrywka
Mężczyzna,28.0,Średnie,8931.33,07:32,15:03,Edukacja
Kobieta,37.0,Podstawowe,14844.05,08:41,08:22,Rozrywka
Mężczyzna,33.0,,5547.28,18:18,21:46,Rozrywka
Mężczyzna,,Średnie,11531.28,16:39,16:57,Rozrywka
Kobieta,49.0,Średnie,10333.52,11:10,13:50,Zakupy
Mężczyzna,48.0,Podstawowe,3741.42,07:12,13:20,Praca
Mężczyzna,44.0,Podstawowe,6062.08,17:37,02:17,Edukacja
Mężczyzna,62.0,Podstawowe,14208.99,21:36,00:30,Inne
Mężczyzna,69.0,Podstawowe,4407.12,08:25,16:55,Rozrywka
Kobieta,34.0,Średnie,7739.89,13:45,14:55,Praca
Kobieta,36.0,Średnie,8351.05,05:14,07:28,Rozrywka
Kobieta,65.0,Podstawowe,10827.18,12:06,23:04,Edukacja
Kobieta,45.0,Średnie,14152.17,10:58,14:03,Inne
Kobieta,45.0,Średnie,8507.24,10:12,10:10,Rozrywka
Mężczyzna,30.0,Średnie,8052.8,20:37,02:08,Zakupy
Kobieta,49.0,Wyższe,12779.01,19:13,21:26,Zakupy
Kobieta,44.0,Średnie,10790.29,17:26,18:43,Praca
Mężczyzna,64.0,Podstawowe,3280.41,06:58,06:06,Rozrywka
Kobieta,47.0,Wyższe,9102.88,11:19,13:23,Inne
Kobieta,51.0,Średnie,4046.82,10:17,15:34,Praca
Kobieta,28.0,Podstawowe,13862.67,09:53,20:01,Inne
Kobieta,62.0,Podstawowe,5249.56,24:21,18:12,Zakupy
Mężczyzna,46.0,Średnie,3510.13,20:44,21:04,Inne
Kobieta,67.0,Podstawowe,11730.46,06:24,06:14,Rozrywka
Kobieta,63.0,Średnie,11680.88,15:07,21:02,Edukacja
Kobieta,69.0,Podstawowe,3883.15,23:33,04:37,Edukacja
,18.0,Wyższe,10425.32,10:19,10:56,Praca
Kobieta,49.0,Podstawowe,9430.31,10:47,17:54,Zakupy
Mężczyzna,57.0,Podstawowe,11579.48,13:31,20:25,Inne
Mężczyzna,48.0,Podstawowe,5847.22,05:25,11:30,Rozrywka
Kobieta,63.0,Średnie,3170.18,19:09,01:48,Edukacja
Kobieta,61.0,Średnie,14305.49,20:08,03:35,Inne
Mężczyzna,65.0,Średnie,10176.3,05:37,05:06,Inne
Kobieta,47.0,Podstawowe,4507.25,13:40,20:26,Rozrywka
Mężczyzna,30.0,Średnie,13422.85,14:36,22:45,Rozrywka
Kobieta,44.0,Podstawowe,7305.38,05:02,11:36,Rozrywka
Kobieta,70.0,Podstawowe,5483.69,12:48,16:17,Inne
Mężczyzna,50.0,Średnie,7144.01,21:46,01:02,Zakupy
Mężczyzna,54.0,Wyższe,12428.87,14:51,15:29,Edukacja
Mężczyzna,39.0,Średnie,14972.29,05:39,08:13,Zakupy
,52.0,Podstawowe,13649.92,14:54,23:51,Inne
Kobieta,26.0,Średnie,8108.33,05:42,07:11,Zakupy
Kobieta,27.0,Podstawowe,9423.48,16:24,19:44,Zakupy
Mężczyzna,63.0,Średnie,11197.05,08:21,12:56,Inne
Mężczyzna,29.0,Średnie,8409.68,22:00,04:52,Praca
Kobieta,30.0,Średnie,6585.15,05:13,06:04,Zakupy
Kobieta,65.0,Wyższe,7824.07,10:30,19:50,Inne
Kobieta,51.0,Średnie,10885.24,21:52,03:35,Rozrywka
Mężczyzna,57.0,Średnie,12556.25,09:44,13:05,Zakupy
Mężczyzna,48.0,Średnie,12164.57,17:24,02:29,Praca
Kobieta,57.0,Podstawowe,12291.84,09:07,14:17,
Kobieta,63.0,Wyższe,3182.58,05:40,06:14,Zakupy
Kobieta,25.0,Średnie,14288.35,15:48,00:21,Zakupy
Kobieta,41.0,Podstawowe,5623.87,09:22,22:41,Praca
Mężczyzna,43.0,Wyższe,10189.89,05:15,10:32,Rozrywka
Mężczyzna,19.0,Podstawowe,4230.29,11:52,18:47,Inne
Kobieta,31.0,Wyższe,4396.18,11:10,18:10,Rozrywka
Kobieta,34.0,Średnie,11188.28,05:47,14:23,Edukacja
Kobieta,25.0,Podstawowe,7377.73,16:08,03:07,Praca
Mężczyzna,18.0,Średnie,4233.58,20:51,00:16,Inne
Mężczyzna,36.0,Wyższe,8086.23,17:49,03:36,Inne
Mężczyzna,52.0,Wyższe,4698.2,08:10,14:03,Rozrywka
Mężczyzna,66.0,Średnie,4985.48,21:23,01:29,Inne
Kobieta,52.0,Podstawowe,5484.18,16:55,20:35,Rozrywka
Kobieta,34.0,Średnie,4644.79,09:24,10:13,Inne
,,,6550.93,23:03,,
Mężczyzna,69.0,Średnie,10584.6,07:14,17:37,Inne
Kobieta,24.0,Wyższe,12733.87,19:47,22:03,Zakupy
Mężczyzna,66.0,Podstawowe,13565.0,06:53,16:50,Zakupy
Kobieta,63.0,Średnie,8271.29,06:43,17:12,Edukacja
Kobieta,44.0,Podstawowe,8711.54,20:44,02:51,Zakupy
Mężczyzna,50.0,Wyższe,9313.85,19:51,21:33,Edukacja
Kobieta,60.0,Średnie,3932.57,08:59,10:18,Rozrywka
Mężczyzna,58.0,Wyższe,7114.71,15:42,01:13,Zakupy
Kobieta,54.0,Wyższe,14180.34,18:03,23:29,Zakupy
Mężczyzna,25.0,Średnie,8908.28,19:03,05:29,Rozrywka
Kobieta,25.0,Średnie,6471.16,19:09,05:26,Rozrywka
Kobieta,63.0,Podstawowe,5741.61,05:25,12:06,Inne
Kobieta,18.0,,10137.74,06:42,10:54,Praca
Mężczyzna,65.0,Podstawowe,10083.37,19:30,20:40,Zakupy
Kobieta,65.0,Podstawowe,3664.42,19:15,20:01,Zakupy
Mężczyzna,63.0,Wyższe,10848.2,18:00,20:47,Zakupy
Kobieta,63.0,Wyższe,8117.25,12:41,14:06,Rozrywka
Kobieta,68.0,Wyższe,14574.7,20:54,01:58,Praca
Kobieta,22.0,Podstawowe,3817.92,20:20,23:33,Edukacja
Kobieta,44.0,Wyższe,5073.53,14:55,14:30,Edukacja
Kobieta,26.0,Wyższe,10023.36,15:39,15:50,Edukacja
Kobieta,42.0,Średnie,14955.84,09:45,09:24,Praca
Mężczyzna,26.0,Wyższe,6101.22,18:03,22:55,Edukacja
Mężczyzna,70.0,Średnie,12132.46,06:43,10:50,Rozrywka
Mężczyzna,42.0,Średnie,6690.47,14:28,18:14,Praca
Mężczyzna,23.0,Podstawowe,3161.33,08:46,13:39,Praca
Mężczyzna,70.0,Podstawowe,5288.69,10:55,15:50,Rozrywka
Mężczyzna,42.0,Średnie,5435.24,16:14,17:13,Zakupy
Mężczyzna,48.0,Średnie,12917.13,23:57,10:39,Edukacja
